{"batch_size": 134, "epochs": 10, "learning_rate": 0.0012121212121212121, "accuracy": 0.8970000147819519}