{"learning_rate": 0.005066514370929429, "accuracy": 0.878000020980835, "batch_size": 172, "epochs": 11}