{"accuracy": 0.9150000214576721, "learning_rate": 0.0015151515151515152, "batch_size": 124, "epochs": 10}