{"accuracy": 0.8930000066757202, "batch_size": 172, "epochs": 15, "learning_rate": 0.005629460412143811}