{"epochs": 12, "learning_rate": 0.0006666666666666666, "batch_size": 137, "accuracy": 0.5440000295639038}