{"accuracy": 0.9350000023841858, "batch_size": 108, "epochs": 8, "learning_rate": 0.0025252525252525255}