{"epochs": 6, "accuracy": 0.9269999861717224, "learning_rate": 0.0025252525252525255, "batch_size": 123}