{"epochs": 10, "accuracy": 0.9589999914169312, "learning_rate": 0.003507295173961841, "batch_size": 113}
